Product_code,Brand_name,Colour,Price_current_value,Price_currency,Image_url,Url
1565524,Pixi,Pas de couleur,22.99,EUR,images.asos-media.com/products/pixi-chloe-morello-gloss-bonbon/13429073-1-nocolour,pixi/pixi-chloe-morello-gloss-bonbon/prd/13429073?clr=pas-de-couleur&colourWayId=16471795
1565552,Pixi,Parfait,22.99,EUR,images.asos-media.com/products/pixi-chloe-morello-gloss-parfait/13429071-1-parfait,pixi/pixi-chloe-morello-gloss-parfait/prd/13429071?clr=parfait&colourWayId=16471796
1564815,New Look,Noir,25.99,EUR,images.asos-media.com/products/new-look-robe-pull-a-col-montant-noir/13422533-1-black,new-look/new-look-robe-pull-a-col-montant-noir/prd/13422533?clr=noir&colourWayId=16485365
1557066,Missguided,Noir,34.99,EUR,images.asos-media.com/products/missguided-body-en-satin-avec-decoupe-noir/13321256-1-black,missguided/missguided-body-en-satin-avec-decoupe-noir/prd/13321256?clr=noir&colourWayId=16465533
1555436,ASOS DESIGN,Gris,40.99,EUR,images.asos-media.com/products/asos-design-destiny-baskets-a-semelle-plateforme-epaisse-motif-serpent-gris/13300423-1-grey,asos-design/asos-design-destiny-baskets-a-semelle-plateforme-epaisse-motif-serpent-gris/prd/13300423?clr=gris&colourWayId=16536512
1554964,New Look Plus,Noir,17.99,EUR,images.asos-media.com/products/new-look-curve-girl-power-t-shirt-a-inscription-noir/13293194-1-black,new-look-plus/new-look-curve-girl-power-t-shirt-a-inscription-noir/prd/13293194?clr=noir&colourWayId=16472300
1549192,New Look,Rouille,25.99,EUR,images.asos-media.com/products/new-look-mini-jupe-boutonnee-avec-boucle-rouille/13220333-1-rust,new-look/new-look-mini-jupe-boutonnee-avec-boucle-rouille/prd/13220333?clr=rouille&colourWayId=16471035
1546663,Pink Clove,Imprimé à carreaux,33.99,EUR,images.asos-media.com/products/pink-clove-robe-chemise-a-carreaux-avec-ceinture/13190264-1-checkprint,pink-clove/pink-clove-robe-chemise-a-carreaux-avec-ceinture/prd/13190264?clr=imprime-a-carreaux&colourWayId=16467909
1545199,Missguided,Rose,74.99,EUR,images.asos-media.com/products/missguided-robe-courte-en-satin-a-volants-superposes-et-lacage-rose/13172476-1-pink,missguided/missguided-robe-courte-en-satin-a-volants-superposes-et-lacage-rose/prd/13172476?clr=rose&colourWayId=16470855
1544856,ASOS DESIGN,Jaune d'or,52.99,EUR,images.asos-media.com/products/asos-design-combinaison-asymetrique-en-neoprene-avec-nervures/13169246-1-goldenyellow,asos-design/asos-design-combinaison-asymetrique-en-neoprene-avec-nervures/prd/13169246?clr=jaune-dor&colourWayId=16532297
1543515,Liquorish,Noir/doré,66.99,EUR,images.asos-media.com/products/liquorish-pantalon-de-costume-ensemble-a-imprime-abstrait-dore-et-noir/13153617-1-blackgold,liquorish/liquorish-pantalon-de-costume-ensemble-a-imprime-abstrait-dore-et-noir/prd/13153617?clr=noir-dore&colourWayId=16453148
1543514,Liquorish,Noir/doré,82.99,EUR,images.asos-media.com/products/liquorish-blazer-de-costume-a-imprime-abstrait-ensemble-dore-et-noir/13153586-1-blackgold,liquorish/liquorish-blazer-de-costume-a-imprime-abstrait-ensemble-dore-et-noir/prd/13153586?clr=noir-dore&colourWayId=16453156
1542291,The Couture Club,Blanc,27.99,EUR,images.asos-media.com/products/the-couture-club-crop-top-cotele-blanc/13139076-1-white,the-couture-club/the-couture-club-crop-top-cotele-blanc/prd/13139076?clr=blanc&colourWayId=16466181
1541350,Missguided Plus,Multi,47.99,EUR,images.asos-media.com/products/missguided-plus-robe-courte-en-satin-torsade-sur-le-devant-imprime-echarpe/13128102-1-multi,missguided-plus/missguided-plus-robe-courte-en-satin-torsade-sur-le-devant-imprime-echarpe/prd/13128102?clr=multi&colourWayId=16465808
1539547,Stradivarius,Rose,12.99,EUR,images.asos-media.com/products/stradivarius-pull-classique-a-col-montant-rose/13107955-1-pink,stradivarius/stradivarius-pull-classique-a-col-montant-rose/prd/13107955?clr=rose&colourWayId=16463437
1538282,ASOS Curve,Argenté,62.99,EUR,images.asos-media.com/products/asos-design-curve-robe-mi-longue-plissee-style-kimono-effet-torsade-en-velours/13092001-1-silver,asos-curve/asos-design-curve-robe-mi-longue-plissee-style-kimono-effet-torsade-en-velours/prd/13092001?clr=argente&colourWayId=16473475
1536723,River Island Plus,Grey houndstooth,59.99,EUR,images.asos-media.com/products/river-island-plus-cardigan-long-en-maille-pied-de-poule/13075476-1-greyhoundstooth,river-island-plus/river-island-plus-cardigan-long-en-maille-pied-de-poule/prd/13075476?clr=grey-houndstooth&colourWayId=16455187
1534557,ASOS DESIGN,Noir/marron,50.99,EUR,images.asos-media.com/products/asos-design-combishort-contraste-en-pu-avec-fermeture-eclair-sur-le-devant/13055151-1-blackbrown,asos-design/asos-design-combishort-contraste-en-pu-avec-fermeture-eclair-sur-le-devant/prd/13055151?clr=noir-marron&colourWayId=16474145
1533984,Superdry,Rouille,69.99,EUR,images.asos-media.com/products/superdry-croyde-pull-en-maille-torsadee/13049231-1-rust,superdry/superdry-croyde-pull-en-maille-torsadee/prd/13049231?clr=rouille&colourWayId=16468711
1533845,Coconut Lane,Multi,11.49,EUR,images.asos-media.com/products/coconut-lane-porte-cartes-a-imprime-elephant-rose/13045932-1-multi,coconut-lane/coconut-lane-porte-cartes-a-imprime-elephant-rose/prd/13045932?clr=multi&colourWayId=16470629
1531027,ASOS Maternity,Lilac,34.99,EUR,images.asos-media.com/products/asos-design-maternity-jupe-longue-pres-du-corps/13035114-1-lilac,asos-maternity/asos-design-maternity-jupe-longue-pres-du-corps/prd/13035114?clr=lilac&colourWayId=16473802
1532478,ASOS Tall,Noir,22.99,EUR,images.asos-media.com/products/asos-design-tall-t-shirt-court-coupe-carree-a-coutures-apparentes-et-rayures-effet-tie-dye/13030936-1-black,asos-tall/asos-design-tall-t-shirt-court-coupe-carree-a-coutures-apparentes-et-rayures-effet-tie-dye/prd/13030936?clr=noir&colourWayId=16464391
1531586,ASOS Petite,Imprimé fleuri,48.99,EUR,images.asos-media.com/products/asos-design-petite-robe-longue-a-fleurs-avec-bretelles-dans-le-dos/13020830-1-floralprint,asos-petite/asos-design-petite-robe-longue-a-fleurs-avec-bretelles-dans-le-dos/prd/13020830?clr=imprime-fleuri&colourWayId=16476788
1531581,ASOS Tall,Imprimé fleuri,48.99,EUR,images.asos-media.com/products/asos-design-tall-robe-longue-a-fleurs-avec-bretelles-dans-le-dos/13020567-1-floralprint,asos-tall/asos-design-tall-robe-longue-a-fleurs-avec-bretelles-dans-le-dos/prd/13020567?clr=imprime-fleuri&colourWayId=16476972
1531054,ASOS Petite,Gris,38.99,EUR,images.asos-media.com/products/asos-design-petite-robe-courte-boutonnee-en-velours/13014349-1-grey,asos-petite/asos-design-petite-robe-courte-boutonnee-en-velours/prd/13014349?clr=gris&colourWayId=16473141
1529127,ASOS DESIGN,Noir,35.99,EUR,images.asos-media.com/products/asos-design-combishort-plisse-a-manches-courtes-avec-nud-sur-le-devant/13010694-1-black,asos-design/asos-design-combishort-plisse-a-manches-courtes-avec-nud-sur-le-devant/prd/13010694?clr=noir&colourWayId=16474165
1528835,ASOS Petite,Gris chiné,16.99,EUR,images.asos-media.com/products/asos-design-petite-short-en-molleton/13010664-1-greymarl,asos-petite/asos-design-petite-short-en-molleton/prd/13010664?clr=gris-chine&colourWayId=16459024
1529642,ASOS DESIGN,Rhodium,11.49,EUR,images.asos-media.com/products/asos-design-collier-multirangs-avec-jolis-pendentifs-varies-et-chaine-sertie-de-strass-argente/12995994-1-rhodium,asos-design/asos-design-collier-multirangs-avec-jolis-pendentifs-varies-et-chaine-sertie-de-strass-argente/prd/12995994?clr=rhodium&colourWayId=16464217
1529637,ASOS DESIGN,Doré,5.99,EUR,images.asos-media.com/products/asos-design-boucles-doreilles-fleurs-avec-mini-perles-dore/12995913-1-gold,asos-design/asos-design-boucles-doreilles-fleurs-avec-mini-perles-dore/prd/12995913?clr=dore&colourWayId=16464838
1529062,River Island,Crème,22.99,EUR,images.asos-media.com/products/river-island-polo-cotele-creme/12989083-1-cream,river-island/river-island-polo-cotele-creme/prd/12989083?clr=creme&colourWayId=16467452
1528186,ASOS DESIGN,Imprimé fleuri,69.99,EUR,images.asos-media.com/products/asos-design-robe-mi-longue-froncee-taille-basse-a-motif-floral/12978090-1-floralprint,asos-design/asos-design-robe-mi-longue-froncee-taille-basse-a-motif-floral/prd/12978090?clr=imprime-fleuri&colourWayId=16470236
1526950,WACTT,Multi,5.99,EUR,images.asos-media.com/products/wactt-i-see-it-i-want-it-i-got-it-carte-danniversaire/12962789-1-multi,wactt/wactt-i-see-it-i-want-it-i-got-it-carte-danniversaire/prd/12962789?clr=multi&colourWayId=16446005
1526262,ASOS Curve,Blanc,16.99,EUR,images.asos-media.com/products/asos-design-curve-top-col-roule-a-manches-longues-blanc/12954700-1-white,asos-curve/asos-design-curve-top-col-roule-a-manches-longues-blanc/prd/12954700?clr=blanc&colourWayId=16459958
1526234,ASOS Tall,Blanc,16.99,EUR,images.asos-media.com/products/asos-design-tall-top-col-roule-a-manches-longues-blanc/12954697-1-white,asos-tall/asos-design-tall-top-col-roule-a-manches-longues-blanc/prd/12954697?clr=blanc&colourWayId=16452949
1526246,ASOS Curve,Noir,16.99,EUR,images.asos-media.com/products/asos-design-curve-top-col-roule-a-manches-longues-noir/12954693-1-black,asos-curve/asos-design-curve-top-col-roule-a-manches-longues-noir/prd/12954693?clr=noir&colourWayId=16459959
1526214,ASOS Tall,Noir,16.99,EUR,images.asos-media.com/products/asos-design-tall-top-col-roule-a-manches-longues-noir/12954688-1-black,asos-tall/asos-design-tall-top-col-roule-a-manches-longues-noir/prd/12954688?clr=noir&colourWayId=16452948
1524068,Converse,Noir,100.0,EUR,images.asos-media.com/products/converse-zig-zag-chuck-70-voltage-baskets-basses-en-cuir-noir/12920066-1-black,converse/converse-zig-zag-chuck-70-voltage-baskets-basses-en-cuir-noir/prd/12920066?clr=noir&colourWayId=16441280
1524065,Converse,Blanc,110.0,EUR,images.asos-media.com/products/converse-chuck-70-voltage-baskets-montantes-en-cuir-blanc/12920039-1-white,converse/converse-chuck-70-voltage-baskets-montantes-en-cuir-blanc/prd/12920039?clr=blanc&colourWayId=16448172
1524055,Converse,Noir,85.0,EUR,images.asos-media.com/products/converse-chuck-taylor-all-star-baskets-montantes-en-cuir-noir/12920020-1-black,converse/converse-chuck-taylor-all-star-baskets-montantes-en-cuir-noir/prd/12920020?clr=noir&colourWayId=16448149
1523312,ASOS Tall,Blanc,19.99,EUR,images.asos-media.com/products/asos-design-tall-t-shirt-avec-manches-en-broderie-anglaise-blanc/12911741-1-white,asos-tall/asos-design-tall-t-shirt-avec-manches-en-broderie-anglaise-blanc/prd/12911741?clr=blanc&colourWayId=16462195
1522964,Reebok,Denim dust,30.99,EUR,images.asos-media.com/products/reebok-vector-crop-top-manches-longues-lilas/12906664-1-denimdust,reebok/reebok-vector-crop-top-manches-longues-lilas/prd/12906664?clr=denim-dust&colourWayId=16428598
1521696,ASOS DESIGN,Carreaux,84.99,EUR,images.asos-media.com/products/asos-design-blazer-de-costume-pied-de-poule-rose/12889018-1-check,asos-design/asos-design-blazer-de-costume-pied-de-poule-rose/prd/12889018?clr=carreaux&colourWayId=16467358
1521699,ASOS DESIGN,Carreaux,43.99,EUR,images.asos-media.com/products/asos-design-short-de-costume-slim-pied-de-poule-rose/12889016-1-check,asos-design/asos-design-short-de-costume-slim-pied-de-poule-rose/prd/12889016?clr=carreaux&colourWayId=16467158
1520126,Cleobella,Floral ditzy,175.99,EUR,images.asos-media.com/products/cleobella-deliah-robe-courte-a-pois/12875366-1-floralditzy,cleobella/cleobella-deliah-robe-courte-a-pois/prd/12875366?clr=floral-ditzy&colourWayId=16456469
1519920,ASOS Tall,Beige,16.99,EUR,images.asos-media.com/products/asos-design-tall-t-shirt-crop-top-oversize-a-ourlet-asymetrique-avec-surpiqures-contrastantes-beige/12865954-1-beige,asos-tall/asos-design-tall-t-shirt-crop-top-oversize-a-ourlet-asymetrique-avec-surpiqures-contrastantes-beige/prd/12865954?clr=beige&colourWayId=16444862
1519848,TYPO,Multi,9.99,EUR,images.asos-media.com/products/typo-anneau-pour-portable-et-protection-pour-cable-motif-panda/12865325-1-multi,typo/typo-anneau-pour-portable-et-protection-pour-cable-motif-panda/prd/12865325?clr=multi&colourWayId=16435751
1517706,ASOS Maternity,Bleu,48.99,EUR,images.asos-media.com/products/asos-design-maternity-robe-mi-longue-bardot-plissee-nouee-a-la-taille/12861764-1-blue,asos-maternity/asos-design-maternity-robe-mi-longue-bardot-plissee-nouee-a-la-taille/prd/12861764?clr=bleu&colourWayId=16460903
1516479,ASOS DESIGN,Fauve,19.99,EUR,images.asos-media.com/products/asos-design-sweat-shirt-en-coton-biologique-fauve/12821457-1-fawn,asos-design/asos-design-sweat-shirt-en-coton-biologique-fauve/prd/12821457?clr=fauve&colourWayId=16452205
1514947,ASOS DESIGN,Noir,11.49,EUR,images.asos-media.com/products/asos-design-bandeau-plisse-a-trois-rangs-noir/12808823-1-black,asos-design/asos-design-bandeau-plisse-a-trois-rangs-noir/prd/12808823?clr=noir&colourWayId=16476741
1515292,ASOS DESIGN,Blush,25.99,EUR,images.asos-media.com/products/asos-design-mix-match-pantalon-de-costume-cigarette-ajuste-habille/12804458-1-blush,asos-design/asos-design-mix-match-pantalon-de-costume-cigarette-ajuste-habille/prd/12804458?clr=blush&colourWayId=16467481
1515290,ASOS DESIGN,Blush,48.99,EUR,images.asos-media.com/products/asos-design-mix-match-blazer-de-costume-ajuste/12804450-1-blush,asos-design/asos-design-mix-match-blazer-de-costume-ajuste/prd/12804450?clr=blush&colourWayId=16467479
1514616,G-Star,Noir total,95.99,EUR,images.asos-media.com/products/g-star-3301-jean-skinny-taille-haute/12795630-1-pitchblack,g-star/g-star-3301-jean-skinny-taille-haute/prd/12795630?clr=noir-total&colourWayId=16432723
1513110,ASOS DESIGN,Blush,47.99,EUR,images.asos-media.com/products/asos-design-combishort-style-bleu-de-travail-ample-a-devant-boutonne/12786683-1-blush,asos-design/asos-design-combishort-style-bleu-de-travail-ample-a-devant-boutonne/prd/12786683?clr=blush&colourWayId=16477111
1512855,Urban Bliss,Gris,27.99,EUR,images.asos-media.com/products/urban-bliss-sweat-shirt-col-roule-a-manches-ballon/12774176-1-grey,urban-bliss/urban-bliss-sweat-shirt-col-roule-a-manches-ballon/prd/12774176?clr=gris&colourWayId=16465095
1512812,We The Free by Free People,Bleu,149.99,EUR,images.asos-media.com/products/we-the-free-by-free-people-jupe-longue-en-jean-avec-fente-sur-le-devant/12773658-1-blue,we-the-free-by-free-people/we-the-free-by-free-people-jupe-longue-en-jean-avec-fente-sur-le-devant/prd/12773658?clr=bleu&colourWayId=16433441
1512381,JDY,Noir,44.99,EUR,images.asos-media.com/products/jdy-manteau-croise/12766593-1-black,jdy/jdy-manteau-croise/prd/12766593?clr=noir&colourWayId=16460908
1511638,ASOS Curve,Noir,24.99,EUR,images.asos-media.com/products/asos-design-curve-body-croise-a-encolure-bardot-avec-manches-en-tulle-noir/12757735-1-black,asos-curve/asos-design-curve-body-croise-a-encolure-bardot-avec-manches-en-tulle-noir/prd/12757735?clr=noir&colourWayId=16455666
1509052,ASOS DESIGN,Bleu,16.99,EUR,images.asos-media.com/products/asos-design-t-shirt-crop-top-oversize-avec-ourlet-asymetrique-et-surpiqures-contrastantes-cobalt/12745614-1-blue,asos-design/asos-design-t-shirt-crop-top-oversize-avec-ourlet-asymetrique-et-surpiqures-contrastantes-cobalt/prd/12745614?clr=bleu&colourWayId=16442622
1509224,ASOS DESIGN,Multi,8.49,EUR,images.asos-media.com/products/asos-design-lot-de-4-barrettes-couleurs-variees/12729585-1-multi,asos-design/asos-design-lot-de-4-barrettes-couleurs-variees/prd/12729585?clr=multi&colourWayId=16455202
1509141,ASOS DESIGN,Orange base floral p,68.99,EUR,images.asos-media.com/products/asos-design-robe-longue-boutonnee-a-manches-froncees-et-fleurs/12728380-1-orangebasefloralp,asos-design/asos-design-robe-longue-boutonnee-a-manches-froncees-et-fleurs/prd/12728380?clr=orange-base-floral-p&colourWayId=16476662
1507880,ASOS DESIGN,Noir,36.99,EUR,images.asos-media.com/products/asos-design-jogger-imprime-graphique-reflechissant/12724278-1-black,asos-design/asos-design-jogger-imprime-graphique-reflechissant/prd/12724278?clr=noir&colourWayId=16433862
1508354,ASOS DESIGN,Imprimé fleuri,64.99,EUR,images.asos-media.com/products/asos-design-robe-longue-froncee-a-manches-bouffantes-et-imprime-floral/12718658-1-floralprint,asos-design/asos-design-robe-longue-froncee-a-manches-bouffantes-et-imprime-floral/prd/12718658?clr=imprime-fleuri&colourWayId=16521216
1508328,ASOS Tall,Blanc,38.99,EUR,images.asos-media.com/products/asos-design-tall-robe-babydoll-courte-a-encolure-haute-et-nervures-avec-liens-sur-les-manches/12718194-1-white,asos-tall/asos-design-tall-robe-babydoll-courte-a-encolure-haute-et-nervures-avec-liens-sur-les-manches/prd/12718194?clr=blanc&colourWayId=16459456
1508065,ASOS DESIGN,Marron,56.99,EUR,images.asos-media.com/products/asos-design-combinaison-decontractee-en-jean-style-bleu-de-travail/12715649-1-brown,asos-design/asos-design-combinaison-decontractee-en-jean-style-bleu-de-travail/prd/12715649?clr=marron&colourWayId=16459585
1508037,ASOS DESIGN,Bleu,35.99,EUR,images.asos-media.com/products/asos-design-robe-babydoll-en-jean-a-encolure-carree-et-volants-bleu/12715332-1-blue,asos-design/asos-design-robe-babydoll-en-jean-a-encolure-carree-et-volants-bleu/prd/12715332?clr=bleu&colourWayId=16459055
1501825,ASOS Petite,Rose,19.99,EUR,images.asos-media.com/products/asos-design-petite-sweat-shirt-tres-court-rose/12636275-1-pink,asos-petite/asos-design-petite-sweat-shirt-tres-court-rose/prd/12636275?clr=rose&colourWayId=16442508
1501315,ASOS DESIGN,Snake,38.99,EUR,images.asos-media.com/products/asos-design-vapor-mocassins-a-mors-pointure-large-serpent/12628562-1-snake,asos-design/asos-design-vapor-mocassins-a-mors-pointure-large-serpent/prd/12628562?clr=snake&colourWayId=16437046
1499485,ASOS Petite,Blanc,52.99,EUR,images.asos-media.com/products/asos-design-petite-robe-mi-longue-a-taille-froncee-et-motif-zebre-effet-devore-en-exclusivite/12604822-1-white,asos-petite/asos-design-petite-robe-mi-longue-a-taille-froncee-et-motif-zebre-effet-devore-en-exclusivite/prd/12604822?clr=blanc&colourWayId=16444585
1493729,ASOS DESIGN,Bleu,21.99,EUR,images.asos-media.com/products/asos-design-chemise-en-jean-avec-poche-bleu-delave-moyen/12532178-1-blue,asos-design/asos-design-chemise-en-jean-avec-poche-bleu-delave-moyen/prd/12532178?clr=bleu&colourWayId=16469102
1492863,Psychic Sisters,Multi,20.99,EUR,images.asos-media.com/products/psychic-sisters-protection-stick-a-bille-huile-daromatherapie/12522608-1-multi,psychic-sisters/psychic-sisters-protection-stick-a-bille-huile-daromatherapie/prd/12522608?clr=multi&colourWayId=16418721
1490946,Raid,Noir,48.99,EUR,images.asos-media.com/products/raid-haley-chaussures-epaisses-a-lacets-avec-surpiqures-blanches-noir/12497611-1-black,raid/raid-haley-chaussures-epaisses-a-lacets-avec-surpiqures-blanches-noir/prd/12497611?clr=noir&colourWayId=16429303
1490885,Opening Ceremony,Gris chiné,150.99,EUR,images.asos-media.com/products/opening-ceremony-pantalon-de-jogging-unisexe-a-logo/12497070-1-heathergrey,opening-ceremony/opening-ceremony-pantalon-de-jogging-unisexe-a-logo/prd/12497070?clr=gris-chine&colourWayId=16415754
1490887,Opening Ceremony,Gris chiné,100.99,EUR,images.asos-media.com/products/opening-ceremony-t-shirt-unisexe-elastique-a-logo/12497062-1-heathergrey,opening-ceremony/opening-ceremony-t-shirt-unisexe-elastique-a-logo/prd/12497062?clr=gris-chine&colourWayId=16415783
1487551,ASOS Curve,Noir/blanc,11.49,EUR,images.asos-media.com/products/asos-design-curve-ultimate-lot-de-2-debardeurs-en-coton-bio-economie/12452730-1-blackwhite,asos-curve/asos-design-curve-ultimate-lot-de-2-debardeurs-en-coton-bio-economie/prd/12452730?clr=noir-blanc&colourWayId=16420862
1487511,ASOS DESIGN,Noir,19.99,EUR,images.asos-media.com/products/asos-design-sweat-shirt-en-coton-biologique-noir/12451981-1-black,asos-design/asos-design-sweat-shirt-en-coton-biologique-noir/prd/12451981?clr=noir&colourWayId=16446232
1483953,ASOS DESIGN,Snake,44.99,EUR,images.asos-media.com/products/asos-design-short-en-similicuir-a-imprime-peau-de-serpent-pastel/12409358-1-snake,asos-design/asos-design-short-en-similicuir-a-imprime-peau-de-serpent-pastel/prd/12409358?clr=snake&colourWayId=16433724
1482740,ASOS DESIGN,Cuir noir brillant,121.99,EUR,images.asos-media.com/products/asos-design-aviate-bottines-style-motard-en-cuir-haut-de-gamme-noir/12395589-1-blackboxleather,asos-design/asos-design-aviate-bottines-style-motard-en-cuir-haut-de-gamme-noir/prd/12395589?clr=cuir-noir-brillant&colourWayId=16440088
1481619,Vero Moda Curve,Noir,44.99,EUR,images.asos-media.com/products/vero-moda-curve-blazer-long/12382664-1-black,vero-moda-curve/vero-moda-curve-blazer-long/prd/12382664?clr=noir&colourWayId=16453908
1473767,ASOS DESIGN,Bleu,49.99,EUR,images.asos-media.com/products/asos-design-combinaison-en-jean-boutonnee-dos-nu-bleu-delave-moyen/12286677-1-blue,asos-design/asos-design-combinaison-en-jean-boutonnee-dos-nu-bleu-delave-moyen/prd/12286677?clr=bleu&colourWayId=16447917
1471388,ASOS DESIGN,Croco moutarde,44.99,EUR,images.asos-media.com/products/asos-design-pleasant-chaussures-a-talon-haut-carre-effet-croco-moutarde/12246820-1-mustardcroc,asos-design/asos-design-pleasant-chaussures-a-talon-haut-carre-effet-croco-moutarde/prd/12246820?clr=croco-moutarde&colourWayId=16437153
1470030,ASOS DESIGN,Noir,56.99,EUR,images.asos-media.com/products/asos-design-expression-bottines-lacees-a-talon-noir/12229545-1-black,asos-design/asos-design-expression-bottines-lacees-a-talon-noir/prd/12229545?clr=noir&colourWayId=16432011
1468224,ASOS DESIGN,Cuir effet serpent,98.99,EUR,images.asos-media.com/products/asos-design-egypt-bottes-a-talons-en-cuir-motif-serpent/12202882-1-snakeleather,asos-design/asos-design-egypt-bottes-a-talons-en-cuir-motif-serpent/prd/12202882?clr=cuir-effet-serpent&colourWayId=16421579
1466567,ASOS DESIGN,Beige,42.99,EUR,images.asos-media.com/products/asos-design-speak-out-chaussures-pointues-a-talon-mi-haut-beige/12182062-1-beige,asos-design/asos-design-speak-out-chaussures-pointues-a-talon-mi-haut-beige/prd/12182062?clr=beige&colourWayId=16449424
1449234,Bloomingville,Multi,13.99,EUR,images.asos-media.com/products/bloomingville-pot-de-fleurs-a-suspendre-bleu-et-blanc/11943151-1-multi,bloomingville/bloomingville-pot-de-fleurs-a-suspendre-bleu-et-blanc/prd/11943151?clr=multi&colourWayId=16412537
1457606,Superdry,Blue stripe white na,29.99,EUR,images.asos-media.com/products/superdry-lot-de-3-culottes-bordees-de-dentelle/12056896-1-bluestripewhitena,superdry/superdry-lot-de-3-culottes-bordees-de-dentelle/prd/12056896?clr=blue-stripe-white-na&colourWayId=16439194
1453381,ASOS Tall,Taupe,34.99,EUR,images.asos-media.com/products/asos-design-tall-robe-courte-en-maille-cotelee-a-manches-raglan/11997962-1-taupe,asos-tall/asos-design-tall-robe-courte-en-maille-cotelee-a-manches-raglan/prd/11997962?clr=taupe&colourWayId=16432745
1443955,ASOS DESIGN,Multi,13.99,EUR,images.asos-media.com/products/asos-design-bonnet-en-maille-melangee-epaisse-multicolore/11876989-1-multi,asos-design/asos-design-bonnet-en-maille-melangee-epaisse-multicolore/prd/11876989?clr=multi&colourWayId=16409731
1443828,ASOS DESIGN,Orange,8.49,EUR,images.asos-media.com/products/asos-design-bonnet-pelucheux-style-pecheur-orange/11875265-1-orange,asos-design/asos-design-bonnet-pelucheux-style-pecheur-orange/prd/11875265?clr=orange&colourWayId=16413860
1443670,ASOS DESIGN,Gris,11.49,EUR,images.asos-media.com/products/asos-design-petit-bonnet-de-pecheur-en-polyester-recycle-gris/11873805-1-grey,asos-design/asos-design-petit-bonnet-de-pecheur-en-polyester-recycle-gris/prd/11873805?clr=gris&colourWayId=16409762
1443656,ASOS DESIGN,Noir,11.49,EUR,images.asos-media.com/products/asos-design-petit-bonnet-style-pecheur-cotele-en-polyester-recycle-noir/11873507-1-black,asos-design/asos-design-petit-bonnet-style-pecheur-cotele-en-polyester-recycle-noir/prd/11873507?clr=noir&colourWayId=16414050
1442244,ASOS DESIGN,Bleu,16.99,EUR,images.asos-media.com/products/asos-design-echarpe-longue-tissee-ultra-douce-a-bords-bruts-bleu/11852789-1-blue,asos-design/asos-design-echarpe-longue-tissee-ultra-douce-a-bords-bruts-bleu/prd/11852789?clr=bleu&colourWayId=16418969
1442065,ASOS DESIGN,Gris clair,11.49,EUR,images.asos-media.com/products/asos-design-bonnet-coupe-boyfriend-a-double-revers-en-polyester-recycle-gris/11850772-1-lightgrey,asos-design/asos-design-bonnet-coupe-boyfriend-a-double-revers-en-polyester-recycle-gris/prd/11850772?clr=gris-clair&colourWayId=16423120
1440178,ASOS DESIGN,Tabac,16.99,EUR,images.asos-media.com/products/asos-design-echarpe-longue-tissee-ultra-douce-a-bords-bruts-tabac/11844404-1-tobacco,asos-design/asos-design-echarpe-longue-tissee-ultra-douce-a-bords-bruts-tabac/prd/11844404?clr=tabac&colourWayId=16419128
1545806,Shiseido,Honey flash 310,29.45,EUR,images.asos-media.com/products/shiseido-lacquerink-brillant-a-levres-honey-flash-310/13178450-1-honeyflash310,shiseido/shiseido-lacquerink-brillant-a-levres-honey-flash-310/prd/13178450?clr=honey-flash-310&colourWayId=16444173
1535743,The North Face,Vert,230.0,EUR,images.asos-media.com/products/the-north-face-saikuru-doudoune-vert/13067319-1-green,the-north-face/the-north-face-saikuru-doudoune-vert/prd/13067319?clr=vert&colourWayId=16472453
1531042,Mango,Blanc,29.99,EUR,images.asos-media.com/products/mango-blouse-avec-liens-noues-a-lencolure-blanc/13014344-1-white,mango/mango-blouse-avec-liens-noues-a-lencolure-blanc/prd/13014344?clr=blanc&colourWayId=16459461
1517070,Vero Moda Curve,Multi,37.99,EUR,images.asos-media.com/products/vero-moda-curve-robe-courte-babydoll-a-imprime-geometrique/12827982-1-multi,vero-moda-curve/vero-moda-curve-robe-courte-babydoll-a-imprime-geometrique/prd/12827982?clr=multi&colourWayId=16465208
1510372,ASOS Curve,Mustard,62.99,EUR,images.asos-media.com/products/asos-design-curve-combinaison-en-jean-safari-moutarde/12743279-1-mustard,asos-curve/asos-design-curve-combinaison-en-jean-safari-moutarde/prd/12743279?clr=mustard&colourWayId=16459499
1487605,ASOS Maternity,Noir/blanc,11.49,EUR,images.asos-media.com/products/asos-design-maternity-ultimate-lot-de-2-debardeurs-en-coton-bio-economie/12453054-1-blackwhite,asos-maternity/asos-design-maternity-ultimate-lot-de-2-debardeurs-en-coton-bio-economie/prd/12453054?clr=noir-blanc&colourWayId=16427876
1456930,adidas Originals,Touche d'orchidée,109.95,EUR,images.asos-media.com/products/adidas-originals-falcon-baskets-zippees-lilas/12046991-1-orchidtint,adidas-originals/adidas-originals-falcon-baskets-zippees-lilas/prd/12046991?clr=touche-dorchidee&colourWayId=16365256
